<?xml version="1.0" encoding="UTF-8"?>
<beans xmlns="http://www.springframework.org/schema/beans"
  xmlns:context="http://www.springframework.org/schema/context"
  xmlns:mvc="http://www.springframework.org/schema/mvc"
  xmlns:p="http://www.springframework.org/schema/p"
  xmlns:util="http://www.springframework.org/schema/util"
  xmlns:xsi="http://www.w3.org/2001/XMLSchema-instance"
  xsi:schemaLocation="http://www.springframework.org/schema/beans http://www.springframework.org/schema/beans/spring-beans-3.1.xsd http://www.springframework.org/schema/context http://www.springframework.org/schema/context/spring-context-3.1.xsd http://www.springframework.org/schema/mvc http://www.springframework.org/schema/mvc/spring-mvc-3.1.xsd http://www.springframework.org/schema/util http://www.springframework.org/schema/util/spring-util-3.1.xsd">

<!--
  Source: http://krams915.blogspot.com/2010/12/spring-3-mvc-jasper-subreports-tutorial.html
-->

  <util:map id="subReportUrls">
    <!-- This entry key must be declared exactly as you declared it in the master JRXML file -->
    <!-- Add one <entry /> node for each sub-report you need to define -->
    <!-- <entry key="mySubReportLocation" value="/WEB-INF/reports/my-sub-report-file.jasper"/> -->
  </util:map>

  <util:list id="subReportDataKeys">
    <!-- This value must be declared exactly as you declared it in the master JRXML file -->
    <!-- Add one <value /> node for each sub-report data source you need to define -->
    <!--  <value>DataForMySubReport</value> -->
  </util:list>
</beans>
